year,efficiency
1,0.997
2,0.994009
3,0.991026973
4,0.988053892
5,0.98508973
6,0.982134461
7,0.979188058
8,0.976250494
9,0.973321742
10,0.970401777
11,0.967490572
12,0.9645881
13,0.961694336
14,0.958809253
15,0.955932825
16,0.953065026
17,0.950205831
18,0.947355214
19,0.944513148
20,0.941679609
21,0.93885457
22,0.936038006
23,0.933229892
24,0.930430202
25,0.927638912
