year,efficiency
1,0.9964
2,0.99281296
3,0.989238833
4,0.985677574
5,0.982129134
6,0.978593469
7,0.975070533
8,0.971560279
9,0.968062662
10,0.964577636
11,0.961105157
12,0.957645178
13,0.954197656
14,0.950762544
15,0.947339799
16,0.943929376
17,0.94053123
18,0.937145318
19,0.933771594
20,0.930410017
21,0.927060541
22,0.923723123
23,0.920397719
24,0.917084288
25,0.913782784
